"Geography Type Description","Geography Name","Sits in State","GeoID","Formatted GeoID","Vacancy Rate","Data Time Period","Geographic Vintage","Data Source","Selected Location"
"GeoID_Description","GeoID_Name","SitsinState","GeoID","GeoID_Formatted","phuvac_acs","TimeFrame","GeoVintage","Source","Location"
"Zip Code Tabulation Area","85003","AZ","85003","=""85003""","11.07","2019-2023","2020","Census","Maricopa (County, 2022)"
"Zip Code Tabulation Area","85004","AZ","85004","=""85004""","15.83","2019-2023","2020","Census","Maricopa (County, 2022)"
"Zip Code Tabulation Area","85006","AZ","85006","=""85006""","14.79","2019-2023","2020","Census","Maricopa (County, 2022)"
"Zip Code Tabulation Area","85007","AZ","85007","=""85007""","10.55","2019-2023","2020","Census","Maricopa (County, 2022)"
"Zip Code Tabulation Area","85008","AZ","85008","=""85008""","6.96","2019-2023","2020","Census","Maricopa (County, 2022)"
"Zip Code Tabulation Area","85009","AZ","85009","=""85009""","5.56","2019-2023","2020","Census","Maricopa (County, 2022)"
"Zip Code Tabulation Area","85012","AZ","85012","=""85012""","8.75","2019-2023","2020","Census","Maricopa (County, 2022)"
"Zip Code Tabulation Area","85013","AZ","85013","=""85013""","8.31","2019-2023","2020","Census","Maricopa (County, 2022)"
"Zip Code Tabulation Area","85014","AZ","85014","=""85014""","10.41","2019-2023","2020","Census","Maricopa (County, 2022)"
"Zip Code Tabulation Area","85015","AZ","85015","=""85015""","8.90","2019-2023","2020","Census","Maricopa (County, 2022)"
"Zip Code Tabulation Area","85016","AZ","85016","=""85016""","12.36","2019-2023","2020","Census","Maricopa (County, 2022)"
"Zip Code Tabulation Area","85017","AZ","85017","=""85017""","6.46","2019-2023","2020","Census","Maricopa (County, 2022)"
"Zip Code Tabulation Area","85018","AZ","85018","=""85018""","10.54","2019-2023","2020","Census","Maricopa (County, 2022)"
"Zip Code Tabulation Area","85019","AZ","85019","=""85019""","5.29","2019-2023","2020","Census","Maricopa (County, 2022)"
"Zip Code Tabulation Area","85020","AZ","85020","=""85020""","9.73","2019-2023","2020","Census","Maricopa (County, 2022)"
"Zip Code Tabulation Area","85021","AZ","85021","=""85021""","6.42","2019-2023","2020","Census","Maricopa (County, 2022)"
"Zip Code Tabulation Area","85022","AZ","85022","=""85022""","5.20","2019-2023","2020","Census","Maricopa (County, 2022)"
"Zip Code Tabulation Area","85023","AZ","85023","=""85023""","5.15","2019-2023","2020","Census","Maricopa (County, 2022)"
"Zip Code Tabulation Area","85024","AZ","85024","=""85024""","4.52","2019-2023","2020","Census","Maricopa (County, 2022)"
"Zip Code Tabulation Area","85026","AZ","85026","=""85026""","N/A","2019-2023","2020","Census","Maricopa (County, 2022)"
"Zip Code Tabulation Area","85027","AZ","85027","=""85027""","4.73","2019-2023","2020","Census","Maricopa (County, 2022)"
"Zip Code Tabulation Area","85028","AZ","85028","=""85028""","8.09","2019-2023","2020","Census","Maricopa (County, 2022)"
"Zip Code Tabulation Area","85029","AZ","85029","=""85029""","4.62","2019-2023","2020","Census","Maricopa (County, 2022)"
"Zip Code Tabulation Area","85031","AZ","85031","=""85031""","4.23","2019-2023","2020","Census","Maricopa (County, 2022)"
"Zip Code Tabulation Area","85032","AZ","85032","=""85032""","4.42","2019-2023","2020","Census","Maricopa (County, 2022)"
"Zip Code Tabulation Area","85033","AZ","85033","=""85033""","3.81","2019-2023","2020","Census","Maricopa (County, 2022)"
"Zip Code Tabulation Area","85034","AZ","85034","=""85034""","16.41","2019-2023","2020","Census","Maricopa (County, 2022)"
"Zip Code Tabulation Area","85035","AZ","85035","=""85035""","3.71","2019-2023","2020","Census","Maricopa (County, 2022)"
"Zip Code Tabulation Area","85037","AZ","85037","=""85037""","3.55","2019-2023","2020","Census","Maricopa (County, 2022)"
"Zip Code Tabulation Area","85040","AZ","85040","=""85040""","5.88","2019-2023","2020","Census","Maricopa (County, 2022)"
"Zip Code Tabulation Area","85041","AZ","85041","=""85041""","5.03","2019-2023","2020","Census","Maricopa (County, 2022)"
"Zip Code Tabulation Area","85042","AZ","85042","=""85042""","4.78","2019-2023","2020","Census","Maricopa (County, 2022)"
"Zip Code Tabulation Area","85043","AZ","85043","=""85043""","3.66","2019-2023","2020","Census","Maricopa (County, 2022)"
"Zip Code Tabulation Area","85044","AZ","85044","=""85044""","5.56","2019-2023","2020","Census","Maricopa (County, 2022)"
"Zip Code Tabulation Area","85045","AZ","85045","=""85045""","2.03","2019-2023","2020","Census","Maricopa (County, 2022)"
"Zip Code Tabulation Area","85048","AZ","85048","=""85048""","6.60","2019-2023","2020","Census","Maricopa (County, 2022)"
"Zip Code Tabulation Area","85050","AZ","85050","=""85050""","4.12","2019-2023","2020","Census","Maricopa (County, 2022)"
"Zip Code Tabulation Area","85051","AZ","85051","=""85051""","5.17","2019-2023","2020","Census","Maricopa (County, 2022)"
"Zip Code Tabulation Area","85053","AZ","85053","=""85053""","3.53","2019-2023","2020","Census","Maricopa (County, 2022)"
"Zip Code Tabulation Area","85054","AZ","85054","=""85054""","16.14","2019-2023","2020","Census","Maricopa (County, 2022)"
"Zip Code Tabulation Area","85083","AZ","85083","=""85083""","1.34","2019-2023","2020","Census","Maricopa (County, 2022)"
"Zip Code Tabulation Area","85085","AZ","85085","=""85085""","7.86","2019-2023","2020","Census","Maricopa (County, 2022)"
"Zip Code Tabulation Area","85086","AZ","85086","=""85086""","7.45","2019-2023","2020","Census","Maricopa (County, 2022)"
"Zip Code Tabulation Area","85087","AZ","85087","=""85087""","3.58","2019-2023","2020","Census","Maricopa (County, 2022)"
"Zip Code Tabulation Area","85201","AZ","85201","=""85201""","8.57","2019-2023","2020","Census","Maricopa (County, 2022)"
"Zip Code Tabulation Area","85202","AZ","85202","=""85202""","7.81","2019-2023","2020","Census","Maricopa (County, 2022)"
"Zip Code Tabulation Area","85203","AZ","85203","=""85203""","6.38","2019-2023","2020","Census","Maricopa (County, 2022)"
"Zip Code Tabulation Area","85204","AZ","85204","=""85204""","6.03","2019-2023","2020","Census","Maricopa (County, 2022)"
"Zip Code Tabulation Area","85205","AZ","85205","=""85205""","16.39","2019-2023","2020","Census","Maricopa (County, 2022)"
"Zip Code Tabulation Area","85206","AZ","85206","=""85206""","14.88","2019-2023","2020","Census","Maricopa (County, 2022)"
"Zip Code Tabulation Area","85207","AZ","85207","=""85207""","14.32","2019-2023","2020","Census","Maricopa (County, 2022)"
"Zip Code Tabulation Area","85208","AZ","85208","=""85208""","18.30","2019-2023","2020","Census","Maricopa (County, 2022)"
"Zip Code Tabulation Area","85209","AZ","85209","=""85209""","18.69","2019-2023","2020","Census","Maricopa (County, 2022)"
"Zip Code Tabulation Area","85210","AZ","85210","=""85210""","6.61","2019-2023","2020","Census","Maricopa (County, 2022)"
"Zip Code Tabulation Area","85212","AZ","85212","=""85212""","4.69","2019-2023","2020","Census","Maricopa (County, 2022)"
"Zip Code Tabulation Area","85213","AZ","85213","=""85213""","14.38","2019-2023","2020","Census","Maricopa (County, 2022)"
"Zip Code Tabulation Area","85215","AZ","85215","=""85215""","17.23","2019-2023","2020","Census","Maricopa (County, 2022)"
"Zip Code Tabulation Area","85224","AZ","85224","=""85224""","6.72","2019-2023","2020","Census","Maricopa (County, 2022)"
"Zip Code Tabulation Area","85225","AZ","85225","=""85225""","5.05","2019-2023","2020","Census","Maricopa (County, 2022)"
"Zip Code Tabulation Area","85226","AZ","85226","=""85226""","4.83","2019-2023","2020","Census","Maricopa (County, 2022)"
"Zip Code Tabulation Area","85233","AZ","85233","=""85233""","2.39","2019-2023","2020","Census","Maricopa (County, 2022)"
"Zip Code Tabulation Area","85234","AZ","85234","=""85234""","3.88","2019-2023","2020","Census","Maricopa (County, 2022)"
"Zip Code Tabulation Area","85236","AZ","85236","=""85236""","N/A","2019-2023","2020","Census","Maricopa (County, 2022)"
"Zip Code Tabulation Area","85248","AZ","85248","=""85248""","11.42","2019-2023","2020","Census","Maricopa (County, 2022)"
"Zip Code Tabulation Area","85249","AZ","85249","=""85249""","4.00","2019-2023","2020","Census","Maricopa (County, 2022)"
"Zip Code Tabulation Area","85250","AZ","85250","=""85250""","18.19","2019-2023","2020","Census","Maricopa (County, 2022)"
"Zip Code Tabulation Area","85251","AZ","85251","=""85251""","17.82","2019-2023","2020","Census","Maricopa (County, 2022)"
"Zip Code Tabulation Area","85253","AZ","85253","=""85253""","16.45","2019-2023","2020","Census","Maricopa (County, 2022)"
"Zip Code Tabulation Area","85254","AZ","85254","=""85254""","10.21","2019-2023","2020","Census","Maricopa (County, 2022)"
"Zip Code Tabulation Area","85255","AZ","85255","=""85255""","14.85","2019-2023","2020","Census","Maricopa (County, 2022)"
"Zip Code Tabulation Area","85256","AZ","85256","=""85256""","10.63","2019-2023","2020","Census","Maricopa (County, 2022)"
"Zip Code Tabulation Area","85257","AZ","85257","=""85257""","10.50","2019-2023","2020","Census","Maricopa (County, 2022)"
"Zip Code Tabulation Area","85258","AZ","85258","=""85258""","17.78","2019-2023","2020","Census","Maricopa (County, 2022)"
"Zip Code Tabulation Area","85259","AZ","85259","=""85259""","11.85","2019-2023","2020","Census","Maricopa (County, 2022)"
"Zip Code Tabulation Area","85260","AZ","85260","=""85260""","9.53","2019-2023","2020","Census","Maricopa (County, 2022)"
"Zip Code Tabulation Area","85262","AZ","85262","=""85262""","25.15","2019-2023","2020","Census","Maricopa (County, 2022)"
"Zip Code Tabulation Area","85263","AZ","85263","=""85263""","28.52","2019-2023","2020","Census","Maricopa (County, 2022)"
"Zip Code Tabulation Area","85264","AZ","85264","=""85264""","5.14","2019-2023","2020","Census","Maricopa (County, 2022)"
"Zip Code Tabulation Area","85266","AZ","85266","=""85266""","13.11","2019-2023","2020","Census","Maricopa (County, 2022)"
"Zip Code Tabulation Area","85268","AZ","85268","=""85268""","16.96","2019-2023","2020","Census","Maricopa (County, 2022)"
"Zip Code Tabulation Area","85281","AZ","85281","=""85281""","12.41","2019-2023","2020","Census","Maricopa (County, 2022)"
"Zip Code Tabulation Area","85282","AZ","85282","=""85282""","7.93","2019-2023","2020","Census","Maricopa (County, 2022)"
"Zip Code Tabulation Area","85283","AZ","85283","=""85283""","7.16","2019-2023","2020","Census","Maricopa (County, 2022)"
"Zip Code Tabulation Area","85284","AZ","85284","=""85284""","2.95","2019-2023","2020","Census","Maricopa (County, 2022)"
"Zip Code Tabulation Area","85286","AZ","85286","=""85286""","3.23","2019-2023","2020","Census","Maricopa (County, 2022)"
"Zip Code Tabulation Area","85295","AZ","85295","=""85295""","2.57","2019-2023","2020","Census","Maricopa (County, 2022)"
"Zip Code Tabulation Area","85296","AZ","85296","=""85296""","4.58","2019-2023","2020","Census","Maricopa (County, 2022)"
"Zip Code Tabulation Area","85297","AZ","85297","=""85297""","3.55","2019-2023","2020","Census","Maricopa (County, 2022)"
"Zip Code Tabulation Area","85298","AZ","85298","=""85298""","4.01","2019-2023","2020","Census","Maricopa (County, 2022)"
"Zip Code Tabulation Area","85301","AZ","85301","=""85301""","5.85","2019-2023","2020","Census","Maricopa (County, 2022)"
"Zip Code Tabulation Area","85302","AZ","85302","=""85302""","5.33","2019-2023","2020","Census","Maricopa (County, 2022)"
"Zip Code Tabulation Area","85303","AZ","85303","=""85303""","3.71","2019-2023","2020","Census","Maricopa (County, 2022)"
"Zip Code Tabulation Area","85304","AZ","85304","=""85304""","4.44","2019-2023","2020","Census","Maricopa (County, 2022)"
"Zip Code Tabulation Area","85305","AZ","85305","=""85305""","8.06","2019-2023","2020","Census","Maricopa (County, 2022)"
"Zip Code Tabulation Area","85306","AZ","85306","=""85306""","7.35","2019-2023","2020","Census","Maricopa (County, 2022)"
"Zip Code Tabulation Area","85307","AZ","85307","=""85307""","4.30","2019-2023","2020","Census","Maricopa (County, 2022)"
"Zip Code Tabulation Area","85308","AZ","85308","=""85308""","3.19","2019-2023","2020","Census","Maricopa (County, 2022)"
"Zip Code Tabulation Area","85309","AZ","85309","=""85309""","N/A","2019-2023","2020","Census","Maricopa (County, 2022)"
"Zip Code Tabulation Area","85310","AZ","85310","=""85310""","2.88","2019-2023","2020","Census","Maricopa (County, 2022)"
"Zip Code Tabulation Area","85320","AZ","85320","=""85320""","33.70","2019-2023","2020","Census","Maricopa (County, 2022)"
"Zip Code Tabulation Area","85322","AZ","85322","=""85322""","14.73","2019-2023","2020","Census","Maricopa (County, 2022)"
"Zip Code Tabulation Area","85323","AZ","85323","=""85323""","5.23","2019-2023","2020","Census","Maricopa (County, 2022)"
"Zip Code Tabulation Area","85326","AZ","85326","=""85326""","7.59","2019-2023","2020","Census","Maricopa (County, 2022)"
"Zip Code Tabulation Area","85329","AZ","85329","=""85329""","0.00","2019-2023","2020","Census","Maricopa (County, 2022)"
"Zip Code Tabulation Area","85331","AZ","85331","=""85331""","6.94","2019-2023","2020","Census","Maricopa (County, 2022)"
"Zip Code Tabulation Area","85333","AZ","85333","=""85333""","37.70","2019-2023","2020","Census","Maricopa (County, 2022)"
"Zip Code Tabulation Area","85335","AZ","85335","=""85335""","6.39","2019-2023","2020","Census","Maricopa (County, 2022)"
"Zip Code Tabulation Area","85337","AZ","85337","=""85337""","6.19","2019-2023","2020","Census","Maricopa (County, 2022)"
"Zip Code Tabulation Area","85338","AZ","85338","=""85338""","6.23","2019-2023","2020","Census","Maricopa (County, 2022)"
"Zip Code Tabulation Area","85339","AZ","85339","=""85339""","2.42","2019-2023","2020","Census","Maricopa (County, 2022)"
"Zip Code Tabulation Area","85340","AZ","85340","=""85340""","4.32","2019-2023","2020","Census","Maricopa (County, 2022)"
"Zip Code Tabulation Area","85343","AZ","85343","=""85343""","36.84","2019-2023","2020","Census","Maricopa (County, 2022)"
"Zip Code Tabulation Area","85345","AZ","85345","=""85345""","5.64","2019-2023","2020","Census","Maricopa (County, 2022)"
"Zip Code Tabulation Area","85351","AZ","85351","=""85351""","14.48","2019-2023","2020","Census","Maricopa (County, 2022)"
"Zip Code Tabulation Area","85353","AZ","85353","=""85353""","4.18","2019-2023","2020","Census","Maricopa (County, 2022)"
"Zip Code Tabulation Area","85354","AZ","85354","=""85354""","6.18","2019-2023","2020","Census","Maricopa (County, 2022)"
"Zip Code Tabulation Area","85355","AZ","85355","=""85355""","3.08","2019-2023","2020","Census","Maricopa (County, 2022)"
"Zip Code Tabulation Area","85361","AZ","85361","=""85361""","4.81","2019-2023","2020","Census","Maricopa (County, 2022)"
"Zip Code Tabulation Area","85363","AZ","85363","=""85363""","6.43","2019-2023","2020","Census","Maricopa (County, 2022)"
"Zip Code Tabulation Area","85373","AZ","85373","=""85373""","11.01","2019-2023","2020","Census","Maricopa (County, 2022)"
"Zip Code Tabulation Area","85374","AZ","85374","=""85374""","16.27","2019-2023","2020","Census","Maricopa (County, 2022)"
"Zip Code Tabulation Area","85375","AZ","85375","=""85375""","16.68","2019-2023","2020","Census","Maricopa (County, 2022)"
"Zip Code Tabulation Area","85377","AZ","85377","=""85377""","23.12","2019-2023","2020","Census","Maricopa (County, 2022)"
"Zip Code Tabulation Area","85378","AZ","85378","=""85378""","17.60","2019-2023","2020","Census","Maricopa (County, 2022)"
"Zip Code Tabulation Area","85379","AZ","85379","=""85379""","2.78","2019-2023","2020","Census","Maricopa (County, 2022)"
"Zip Code Tabulation Area","85381","AZ","85381","=""85381""","7.37","2019-2023","2020","Census","Maricopa (County, 2022)"
"Zip Code Tabulation Area","85382","AZ","85382","=""85382""","10.82","2019-2023","2020","Census","Maricopa (County, 2022)"
"Zip Code Tabulation Area","85383","AZ","85383","=""85383""","4.56","2019-2023","2020","Census","Maricopa (County, 2022)"
"Zip Code Tabulation Area","85387","AZ","85387","=""85387""","7.58","2019-2023","2020","Census","Maricopa (County, 2022)"
"Zip Code Tabulation Area","85388","AZ","85388","=""85388""","3.99","2019-2023","2020","Census","Maricopa (County, 2022)"
"Zip Code Tabulation Area","85390","AZ","85390","=""85390""","15.10","2019-2023","2020","Census","Maricopa (County, 2022)"
"Zip Code Tabulation Area","85392","AZ","85392","=""85392""","4.54","2019-2023","2020","Census","Maricopa (County, 2022)"
"Zip Code Tabulation Area","85395","AZ","85395","=""85395""","13.42","2019-2023","2020","Census","Maricopa (County, 2022)"
"Zip Code Tabulation Area","85396","AZ","85396","=""85396""","9.83","2019-2023","2020","Census","Maricopa (County, 2022)"
